run,variant,scenario,cache,wall_ms,user_seconds,system_seconds,max_rss_bytes,lint_requests,observed_spawns,node_starts,log_bytes,exit_code,diagnostic
1,old,read,warm,830.6871249999999,0.31,0.1,181633024,1,3,6,114,0,"スキップ: TIMEOUT_EXCEEDED"
1,candidate,read,warm,339.84695899999997,0.32,0.11,182517760,0,0,2,0,0,""
1,candidate,read,warm,330.4334170000002,0.33,0.11,187695104,0,0,2,0,0,""
1,old,read,warm,824.8891249999997,0.33,0.11,181927936,1,3,6,114,0,"スキップ: TIMEOUT_EXCEEDED"
1,old,read,warm,829.2663750000002,0.31,0.11,182386688,1,3,6,114,0,"スキップ: TIMEOUT_EXCEEDED"
1,candidate,read,warm,333.75904100000025,0.32,0.1,182566912,0,0,2,0,0,""
1,candidate,read,warm,333.52779100000043,0.32,0.1,187875328,0,0,2,0,0,""
1,old,read,warm,832.8695420000004,0.3,0.11,182632448,1,3,6,114,0,"スキップ: TIMEOUT_EXCEEDED"
1,old,read,warm,833.4630829999996,0.31,0.1,181927936,1,3,6,114,0,"スキップ: TIMEOUT_EXCEEDED"
1,candidate,read,warm,332.9037500000013,0.32,0.11,181469184,0,0,2,0,0,""
1,candidate,read,warm,323.5118330000005,0.32,0.11,181485568,0,0,2,0,0,""
1,old,read,warm,835.5927080000001,0.31,0.11,181534720,1,3,6,114,0,"スキップ: TIMEOUT_EXCEEDED"
1,old,read,warm,837.1201249999995,0.31,0.11,181469184,1,3,6,114,0,"スキップ: TIMEOUT_EXCEEDED"
1,candidate,read,warm,332.5181670000002,0.31,0.1,181829632,0,0,2,0,0,""
1,candidate,read,warm,333.1002499999995,0.31,0.11,182075392,0,0,2,0,0,""
1,old,read,warm,830.498458,0.31,0.11,181993472,1,3,6,114,0,"スキップ: TIMEOUT_EXCEEDED"
1,old,read,warm,833.9848330000004,0.32,0.11,182403072,1,3,6,114,0,"スキップ: TIMEOUT_EXCEEDED"
1,candidate,read,warm,343.5595420000009,0.32,0.11,182403072,0,0,2,0,0,""
1,candidate,read,warm,336.1337079999994,0.32,0.11,181616640,0,0,2,0,0,""
1,old,read,warm,833.1689580000002,0.3,0.11,182452224,1,3,6,114,0,"スキップ: TIMEOUT_EXCEEDED"
1,old,read,warm,833.1510830000007,0.31,0.11,181567488,1,3,6,114,0,"スキップ: TIMEOUT_EXCEEDED"
1,candidate,read,warm,351.45250000000124,0.34,0.1,182042624,0,0,2,0,0,""
1,candidate,read,warm,328.748834,0.31,0.1,181714944,0,0,2,0,0,""
1,old,read,warm,831.9799579999999,0.31,0.11,182288384,1,3,6,114,0,"スキップ: TIMEOUT_EXCEEDED"
1,old,read,warm,828.2418749999997,0.32,0.11,181731328,1,3,6,114,0,"スキップ: TIMEOUT_EXCEEDED"
1,candidate,read,warm,329.0284580000007,0.31,0.1,181108736,0,0,2,0,0,""
1,candidate,read,warm,337.41862500000207,0.32,0.11,188022784,0,0,2,0,0,""
1,old,read,warm,829.0005830000009,0.31,0.11,183025664,1,3,6,114,0,"スキップ: TIMEOUT_EXCEEDED"
1,old,read,warm,823.2202089999992,0.31,0.1,181878784,1,3,6,114,0,"スキップ: TIMEOUT_EXCEEDED"
1,candidate,read,warm,332.8390419999996,0.32,0.1,181108736,0,0,2,0,0,""
1,candidate,read,warm,332.75345899999957,0.32,0.1,180944896,0,0,2,0,0,""
1,old,read,warm,835.8194580000018,0.31,0.11,181846016,1,3,6,114,0,"スキップ: TIMEOUT_EXCEEDED"
1,old,read,warm,832.6638749999984,0.31,0.11,187744256,1,3,6,114,0,"スキップ: TIMEOUT_EXCEEDED"
1,candidate,read,warm,332.61212499999965,0.32,0.11,181010432,0,0,2,0,0,""
1,candidate,read,warm,322.08220900000015,0.31,0.11,182321152,0,0,2,0,0,""
1,old,read,warm,871.343541000002,0.35,0.11,182992896,1,3,6,114,0,"スキップ: TIMEOUT_EXCEEDED"
1,old,read,warm,837.4136670000007,0.32,0.11,182255616,1,3,6,114,0,"スキップ: TIMEOUT_EXCEEDED"
1,candidate,read,warm,334.87154199999713,0.31,0.1,182091776,0,0,2,0,0,""
1,candidate,read,warm,333.33008300000074,0.32,0.11,180912128,0,0,2,0,0,""
1,old,read,warm,833.6137500000004,0.31,0.11,182255616,1,3,6,114,0,"スキップ: TIMEOUT_EXCEEDED"
1,old,read,warm,829.9784169999984,0.31,0.11,182566912,1,3,6,114,0,"スキップ: TIMEOUT_EXCEEDED"
1,candidate,read,warm,329.0600000000013,0.32,0.1,181387264,0,0,2,0,0,""
1,candidate,read,warm,319.88179200000013,0.31,0.1,187301888,0,0,2,0,0,""
1,old,read,warm,833.2704170000034,0.31,0.11,182190080,1,3,6,114,0,"スキップ: TIMEOUT_EXCEEDED"
1,old,read,warm,835.4020419999979,0.31,0.11,182157312,1,3,6,114,0,"スキップ: TIMEOUT_EXCEEDED"
1,candidate,read,warm,333.06366699999853,0.32,0.11,186728448,0,0,2,0,0,""
1,candidate,read,warm,337.8601660000022,0.32,0.11,181338112,0,0,2,0,0,""
1,old,read,warm,833.840791999999,0.31,0.11,182091776,1,3,6,114,0,"スキップ: TIMEOUT_EXCEEDED"
1,old,read,warm,835.5727909999987,0.32,0.11,182075392,1,3,6,114,0,"スキップ: TIMEOUT_EXCEEDED"
1,candidate,read,warm,333.2323749999996,0.32,0.11,181649408,0,0,2,0,0,""
1,candidate,read,warm,330.14187500000116,0.32,0.1,187924480,0,0,2,0,0,""
1,old,read,warm,835.8220000000001,0.32,0.11,181190656,1,3,6,114,0,"スキップ: TIMEOUT_EXCEEDED"
1,old,read,warm,836.8860829999976,0.31,0.11,188563456,1,3,6,114,0,"スキップ: TIMEOUT_EXCEEDED"
1,candidate,read,warm,342.0254589999968,0.32,0.11,182272000,0,0,2,0,0,""
1,candidate,read,warm,331.5659999999989,0.31,0.1,181174272,0,0,2,0,0,""
1,old,read,warm,831.9384999999966,0.31,0.11,181813248,1,3,6,114,0,"スキップ: TIMEOUT_EXCEEDED"
1,old,read,warm,836.2825840000005,0.32,0.11,181469184,1,3,6,114,0,"スキップ: TIMEOUT_EXCEEDED"
1,candidate,read,warm,317.97237499999756,0.32,0.11,181649408,0,0,2,0,0,""
1,candidate,read,warm,333.6625830000048,0.32,0.11,181403648,0,0,2,0,0,""
1,old,read,warm,830.5315409999967,0.31,0.11,182337536,1,3,6,114,0,"スキップ: TIMEOUT_EXCEEDED"
1,old,disabled,warm,330.2263329999987,0.32,0.1,181452800,0,0,2,111,0,"スキップ: HOOK_DISABLED"
1,candidate,disabled,warm,336.291416,0.32,0.11,181534720,0,0,2,0,0,""
1,candidate,disabled,warm,337.9501670000027,0.32,0.11,181747712,0,0,2,0,0,""
1,old,disabled,warm,331.12537500000326,0.32,0.1,181501952,0,0,2,111,0,"スキップ: HOOK_DISABLED"
1,old,disabled,warm,329.19766700000037,0.31,0.1,181960704,0,0,2,111,0,"スキップ: HOOK_DISABLED"
1,candidate,disabled,warm,332.96233299999585,0.32,0.1,181878784,0,0,2,0,0,""
1,candidate,disabled,warm,332.9538329999996,0.31,0.11,182386688,0,0,2,0,0,""
1,old,disabled,warm,332.4399159999957,0.32,0.11,182206464,0,0,2,111,0,"スキップ: HOOK_DISABLED"
1,old,disabled,warm,332.0990410000013,0.31,0.11,181747712,0,0,2,111,0,"スキップ: HOOK_DISABLED"
1,candidate,disabled,warm,335.10070900000574,0.32,0.1,181256192,0,0,2,0,0,""
1,candidate,disabled,warm,336.0686659999992,0.32,0.11,181403648,0,0,2,0,0,""
1,old,disabled,warm,330.86816700000054,0.31,0.1,182419456,0,0,2,111,0,"スキップ: HOOK_DISABLED"
1,old,disabled,warm,327.51662500000384,0.31,0.1,181567488,0,0,2,111,0,"スキップ: HOOK_DISABLED"
1,candidate,disabled,warm,336.75416699999914,0.32,0.11,187777024,0,0,2,0,0,""
1,candidate,disabled,warm,336.4181660000031,0.32,0.1,181305344,0,0,2,0,0,""
1,old,disabled,warm,335.1800839999996,0.32,0.1,181878784,0,0,2,111,0,"スキップ: HOOK_DISABLED"
1,old,disabled,warm,333.33791600000404,0.31,0.11,187514880,0,0,2,111,0,"スキップ: HOOK_DISABLED"
1,candidate,disabled,warm,333.362083,0.32,0.1,182304768,0,0,2,0,0,""
1,candidate,disabled,warm,336.2437080000018,0.32,0.1,181633024,0,0,2,0,0,""
1,old,disabled,warm,333.92733299999963,0.31,0.11,187301888,0,0,2,111,0,"スキップ: HOOK_DISABLED"
1,old,disabled,warm,326.0101250000007,0.31,0.11,182091776,0,0,2,111,0,"スキップ: HOOK_DISABLED"
1,candidate,disabled,warm,354.71287499999744,0.34,0.11,182173696,0,0,2,0,0,""
1,candidate,disabled,warm,336.2102079999968,0.32,0.1,181583872,0,0,2,0,0,""
1,old,disabled,warm,333.83287500000006,0.31,0.11,182042624,0,0,2,111,0,"スキップ: HOOK_DISABLED"
1,old,disabled,warm,327.07624999999825,0.31,0.11,182616064,0,0,2,111,0,"スキップ: HOOK_DISABLED"
1,candidate,disabled,warm,337.26941599999554,0.32,0.11,181813248,0,0,2,0,0,""
1,candidate,disabled,warm,339.1602500000008,0.31,0.11,181960704,0,0,2,0,0,""
1,old,disabled,warm,327.0532499999972,0.31,0.1,182452224,0,0,2,111,0,"スキップ: HOOK_DISABLED"
1,old,disabled,warm,331.1522499999992,0.31,0.1,181338112,0,0,2,111,0,"スキップ: HOOK_DISABLED"
1,candidate,disabled,warm,337.88500000000204,0.31,0.11,182501376,0,0,2,0,0,""
1,candidate,disabled,warm,333.92262499999924,0.31,0.1,181764096,0,0,2,0,0,""
1,old,disabled,warm,336.6047499999986,0.32,0.11,182681600,0,0,2,111,0,"スキップ: HOOK_DISABLED"
1,old,disabled,warm,326.97979199999827,0.31,0.1,181993472,0,0,2,111,0,"スキップ: HOOK_DISABLED"
1,candidate,disabled,warm,336.7280830000018,0.32,0.11,181125120,0,0,2,0,0,""
1,candidate,disabled,warm,332.88850000000093,0.32,0.11,187465728,0,0,2,0,0,""
1,old,disabled,warm,318.89720799999486,0.31,0.11,181944320,0,0,2,111,0,"スキップ: HOOK_DISABLED"
1,old,disabled,warm,329.74470800000563,0.31,0.11,182059008,0,0,2,111,0,"スキップ: HOOK_DISABLED"
1,candidate,disabled,warm,338.7926249999946,0.31,0.11,182190080,0,0,2,0,0,""
1,candidate,disabled,warm,333.9238750000004,0.32,0.11,187351040,0,0,2,0,0,""
1,old,disabled,warm,328.73649999999907,0.3,0.1,182386688,0,0,2,111,0,"スキップ: HOOK_DISABLED"
1,old,disabled,warm,328.6155829999989,0.32,0.1,181731328,0,0,2,111,0,"スキップ: HOOK_DISABLED"
1,candidate,disabled,warm,334.54858400000376,0.32,0.1,181207040,0,0,2,0,0,""
1,candidate,disabled,warm,334.6456249999974,0.31,0.11,181829632,0,0,2,0,0,""
1,old,disabled,warm,332.37116600000445,0.31,0.11,181927936,0,0,2,111,0,"スキップ: HOOK_DISABLED"
1,old,disabled,warm,330.3811659999992,0.31,0.11,181649408,0,0,2,111,0,"スキップ: HOOK_DISABLED"
1,candidate,disabled,warm,339.01925000000483,0.32,0.11,181256192,0,0,2,0,0,""
1,candidate,disabled,warm,341.75158300000476,0.33,0.11,181501952,0,0,2,0,0,""
1,old,disabled,warm,333.7873749999999,0.31,0.1,182452224,0,0,2,111,0,"スキップ: HOOK_DISABLED"
1,old,disabled,warm,331.0723330000037,0.31,0.1,181420032,0,0,2,111,0,"スキップ: HOOK_DISABLED"
1,candidate,disabled,warm,334.9223750000019,0.32,0.1,181518336,0,0,2,0,0,""
1,candidate,disabled,warm,338.65779199999815,0.31,0.1,182173696,0,0,2,0,0,""
1,old,disabled,warm,327.6177080000052,0.31,0.1,182075392,0,0,2,111,0,"スキップ: HOOK_DISABLED"
1,old,disabled,warm,332.28279199999815,0.32,0.11,181616640,0,0,2,111,0,"スキップ: HOOK_DISABLED"
1,candidate,disabled,warm,335.26016700000037,0.32,0.11,181321728,0,0,2,0,0,""
1,candidate,disabled,warm,335.22666700000264,0.32,0.11,181747712,0,0,2,0,0,""
1,old,disabled,warm,331.83770899999945,0.32,0.11,181747712,0,0,2,111,0,"スキップ: HOOK_DISABLED"
1,old,disabled,warm,332.97191600000224,0.32,0.1,182108160,0,0,2,111,0,"スキップ: HOOK_DISABLED"
1,candidate,disabled,warm,333.49041600000055,0.32,0.11,181780480,0,0,2,0,0,""
1,candidate,disabled,warm,371.6542499999996,0.35,0.11,186679296,0,0,2,0,0,""
1,old,disabled,warm,339.575499999999,0.32,0.11,182468608,0,0,2,111,0,"スキップ: HOOK_DISABLED"
1,old,write,warm,849.8692500000034,0.34,0.12,182353920,1,3,6,114,0,"スキップ: TIMEOUT_EXCEEDED"
1,candidate,write,warm,719.8941249999989,0.73,0.15,181452800,1,1,4,0,0,"Lint診断 (exitCode=1):"
1,candidate,write,warm,719.5134590000016,0.73,0.15,181436416,1,1,4,0,0,"Lint診断 (exitCode=1):"
1,old,write,warm,830.7858750000014,0.31,0.11,182190080,1,3,6,114,0,"スキップ: TIMEOUT_EXCEEDED"
1,old,write,warm,828.4837909999987,0.32,0.11,181764096,1,3,6,114,0,"スキップ: TIMEOUT_EXCEEDED"
1,candidate,write,warm,717.9175830000022,0.72,0.15,182353920,1,1,4,0,0,"Lint診断 (exitCode=1):"
1,candidate,write,warm,723.6254590000026,0.73,0.15,181747712,1,1,4,0,0,"Lint診断 (exitCode=1):"
1,old,write,warm,830.4863330000007,0.31,0.11,182288384,1,3,6,114,0,"スキップ: TIMEOUT_EXCEEDED"
1,old,write,warm,834.5939579999977,0.31,0.11,182239232,1,3,6,114,0,"スキップ: TIMEOUT_EXCEEDED"
1,candidate,write,warm,755.9306250000081,0.75,0.15,188104704,1,1,4,0,0,"Lint診断 (exitCode=1):"
1,candidate,write,warm,721.2432499999995,0.71,0.15,182091776,1,1,4,0,0,"Lint診断 (exitCode=1):"
1,old,write,warm,828.5275839999958,0.31,0.11,182304768,1,3,6,114,0,"スキップ: TIMEOUT_EXCEEDED"
1,old,write,warm,871.9989579999965,0.32,0.14,181796864,1,3,6,114,0,"スキップ: TIMEOUT_EXCEEDED"
1,candidate,write,warm,695.2044160000078,0.73,0.15,182304768,1,1,4,0,0,"Lint診断 (exitCode=1):"
1,candidate,write,warm,727.5198749999981,0.72,0.15,181796864,1,1,4,0,0,"Lint診断 (exitCode=1):"
1,old,write,warm,826.4904999999999,0.32,0.1,181796864,1,3,6,114,0,"スキップ: TIMEOUT_EXCEEDED"
1,old,write,warm,834.965875000009,0.32,0.11,182206464,1,3,6,114,0,"スキップ: TIMEOUT_EXCEEDED"
1,candidate,write,warm,733.7177499999962,0.73,0.15,182026240,1,1,4,0,0,"Lint診断 (exitCode=1):"
1,candidate,write,warm,752.3535419999971,0.74,0.15,181927936,1,1,4,0,0,"Lint診断 (exitCode=1):"
1,old,write,warm,828.7746250000055,0.32,0.11,181420032,1,3,6,114,0,"スキップ: TIMEOUT_EXCEEDED"
1,old,write,warm,839.9397089999984,0.32,0.11,181731328,1,3,6,114,0,"スキップ: TIMEOUT_EXCEEDED"
1,candidate,write,warm,737.4305420000019,0.72,0.15,187449344,1,1,4,0,0,"Lint診断 (exitCode=1):"
1,candidate,write,warm,742.9943749999948,0.76,0.15,182583296,1,1,4,0,0,"Lint診断 (exitCode=1):"
1,old,write,warm,870.2921250000072,0.34,0.13,187367424,1,3,6,114,0,"スキップ: TIMEOUT_EXCEEDED"
1,old,write,warm,843.222207999992,0.35,0.12,186974208,1,3,6,114,0,"スキップ: TIMEOUT_EXCEEDED"
1,candidate,write,warm,793.9820000000036,0.78,0.17,180994048,1,1,4,0,0,"Lint診断 (exitCode=1):"
1,candidate,write,warm,741.095708000008,0.77,0.17,181534720,1,1,4,0,0,"Lint診断 (exitCode=1):"
1,old,write,warm,857.4987090000068,0.34,0.12,181501952,1,3,5,114,0,"スキップ: TIMEOUT_EXCEEDED"
1,old,write,warm,856.3669999999984,0.33,0.12,187301888,1,3,5,114,0,"スキップ: TIMEOUT_EXCEEDED"
1,candidate,write,warm,797.4958750000078,0.77,0.19,187645952,1,1,4,0,0,"Lint診断 (exitCode=1):"
1,candidate,write,warm,785.5784580000036,0.84,0.18,187777024,1,1,4,0,0,"Lint診断 (exitCode=1):"
1,old,write,warm,833.0714999999909,0.32,0.11,182288384,1,3,6,114,0,"スキップ: TIMEOUT_EXCEEDED"
1,old,write,warm,864.229250000004,0.35,0.12,187334656,1,3,6,114,0,"スキップ: TIMEOUT_EXCEEDED"
1,candidate,write,warm,778.9172909999907,0.81,0.16,181878784,1,1,4,0,0,"Lint診断 (exitCode=1):"
1,candidate,write,warm,779.9903750000085,0.8,0.17,189333504,1,1,4,0,0,"Lint診断 (exitCode=1):"
1,old,write,warm,909.5645409999997,0.36,0.15,188760064,1,3,5,114,0,"スキップ: TIMEOUT_EXCEEDED"
1,old,write,warm,901.9529579999944,0.36,0.15,189300736,1,3,6,114,0,"スキップ: TIMEOUT_EXCEEDED"
1,candidate,write,warm,735.1480420000007,0.76,0.16,188448768,1,1,4,0,0,"Lint診断 (exitCode=1):"
1,candidate,write,warm,765.9266659999994,0.78,0.17,188661760,1,1,4,0,0,"Lint診断 (exitCode=1):"
1,old,write,warm,858.3114579999965,0.36,0.12,187842560,1,3,6,114,0,"スキップ: TIMEOUT_EXCEEDED"
1,old,write,warm,923.5236670000013,0.36,0.16,189218816,1,3,6,114,0,"スキップ: TIMEOUT_EXCEEDED"
1,candidate,write,warm,830.2292079999897,0.82,0.19,189628416,1,1,4,0,0,"Lint診断 (exitCode=1):"
1,candidate,write,warm,749.7619580000028,0.77,0.17,188219392,1,1,4,0,0,"Lint診断 (exitCode=1):"
1,old,write,warm,863.2258329999895,0.34,0.13,188825600,1,3,6,114,0,"スキップ: TIMEOUT_EXCEEDED"
1,old,write,warm,885.2795419999893,0.36,0.13,189448192,1,3,6,114,0,"スキップ: TIMEOUT_EXCEEDED"
1,candidate,write,warm,804.8492920000135,0.83,0.19,190103552,1,1,4,0,0,"Lint診断 (exitCode=1):"
1,candidate,write,warm,840.6937499999913,0.85,0.21,188563456,1,1,4,0,0,"Lint診断 (exitCode=1):"
1,old,write,warm,868.2569170000061,0.37,0.13,189825024,1,3,6,114,0,"スキップ: TIMEOUT_EXCEEDED"
1,old,write,warm,884.5742500000051,0.34,0.11,189464576,1,3,6,114,0,"スキップ: TIMEOUT_EXCEEDED"
1,candidate,write,warm,760.3128750000033,0.79,0.16,189415424,1,1,4,0,0,"Lint診断 (exitCode=1):"
1,candidate,write,warm,726.567790999994,0.73,0.16,189169664,1,1,4,0,0,"Lint診断 (exitCode=1):"
1,old,write,warm,838.8265000000101,0.32,0.11,188612608,1,3,6,114,0,"スキップ: TIMEOUT_EXCEEDED"
1,old,write,warm,844.1472499999945,0.32,0.11,189267968,1,3,6,114,0,"スキップ: TIMEOUT_EXCEEDED"
1,candidate,write,warm,743.3992080000025,0.74,0.15,189153280,1,1,4,0,0,"Lint診断 (exitCode=1):"
1,candidate,write,warm,744.3060830000031,0.74,0.16,189562880,1,1,4,0,0,"Lint診断 (exitCode=1):"
1,old,write,warm,835.8877499999944,0.32,0.11,189317120,1,3,6,114,0,"スキップ: TIMEOUT_EXCEEDED"
1,old,write,warm,847.2232920000097,0.34,0.11,189136896,1,3,6,114,0,"スキップ: TIMEOUT_EXCEEDED"
1,candidate,write,warm,837.7949999999983,0.8,0.2,189186048,1,1,4,0,0,"Lint診断 (exitCode=1):"
1,candidate,write,warm,769.1528330000001,0.79,0.16,188743680,1,1,4,0,0,"Lint診断 (exitCode=1):"
1,old,write,warm,888.6414999999979,0.35,0.14,189005824,1,3,6,114,0,"スキップ: TIMEOUT_EXCEEDED"
1,old,read,cold,651.9138329999987,0.16,0.02,99549184,1,5,6,114,0,"スキップ: TIMEOUT_EXCEEDED"
1,candidate,read,cold,151.82183300000906,0.16,0.02,99205120,0,1,2,0,0,""
1,candidate,read,cold,155.02879100000428,0.16,0.02,99024896,0,1,2,0,0,""
1,old,read,cold,654.9872080000059,0.16,0.02,99909632,1,5,6,114,0,"スキップ: TIMEOUT_EXCEEDED"
1,old,read,cold,649.1750000000029,0.15,0.02,99909632,1,5,6,114,0,"スキップ: TIMEOUT_EXCEEDED"
1,candidate,read,cold,142.2880839999998,0.15,0.02,98861056,0,1,2,0,0,""
1,candidate,read,cold,150.27637500000128,0.15,0.02,99024896,0,1,2,0,0,""
1,old,read,cold,648.9870840000076,0.16,0.02,100007936,1,5,6,114,0,"スキップ: TIMEOUT_EXCEEDED"
1,old,read,cold,650.866875000007,0.15,0.02,99614720,1,5,6,114,0,"スキップ: TIMEOUT_EXCEEDED"
1,candidate,read,cold,153.11987500000396,0.15,0.02,99041280,0,1,2,0,0,""
1,candidate,read,cold,159.3869160000031,0.16,0.02,99139584,0,1,2,0,0,""
1,old,read,cold,645.395915999994,0.15,0.02,99221504,1,5,6,114,0,"スキップ: TIMEOUT_EXCEEDED"
1,old,read,cold,649.4055419999931,0.15,0.02,99762176,1,5,6,114,0,"スキップ: TIMEOUT_EXCEEDED"
1,candidate,read,cold,145.2264589999977,0.15,0.02,98582528,0,1,2,0,0,""
1,candidate,read,cold,142.27412499999627,0.15,0.02,99008512,0,1,2,0,0,""
1,old,read,cold,650.6750000000029,0.15,0.02,99434496,1,5,6,114,0,"スキップ: TIMEOUT_EXCEEDED"
1,old,read,cold,642.2229999999981,0.15,0.02,99713024,1,5,6,114,0,"スキップ: TIMEOUT_EXCEEDED"
1,candidate,read,cold,150.48608400000376,0.16,0.02,101122048,0,1,2,0,0,""
1,candidate,read,cold,146.33612500000163,0.15,0.02,98893824,0,1,2,0,0,""
1,old,read,cold,652.7035000000033,0.15,0.02,99483648,1,5,6,114,0,"スキップ: TIMEOUT_EXCEEDED"
1,old,read,cold,651.2268750000076,0.15,0.02,99696640,1,5,6,114,0,"スキップ: TIMEOUT_EXCEEDED"
1,candidate,read,cold,166.6425409999938,0.18,0.02,98664448,0,1,2,0,0,""
1,candidate,read,cold,148.19129200000316,0.15,0.02,99172352,0,1,2,0,0,""
1,old,read,cold,658.210957999996,0.15,0.02,99696640,1,5,6,114,0,"スキップ: TIMEOUT_EXCEEDED"
1,old,read,cold,647.7782910000096,0.15,0.02,99729408,1,5,6,114,0,"スキップ: TIMEOUT_EXCEEDED"
1,candidate,read,cold,145.2604169999977,0.15,0.02,99172352,0,1,2,0,0,""
1,candidate,read,cold,152.7338749999908,0.15,0.02,99172352,0,1,2,0,0,""
1,old,read,cold,660.3985419999954,0.15,0.02,99942400,1,5,6,114,0,"スキップ: TIMEOUT_EXCEEDED"
1,old,read,cold,651.0745420000021,0.15,0.02,99745792,1,5,6,114,0,"スキップ: TIMEOUT_EXCEEDED"
1,candidate,read,cold,151.9500410000037,0.15,0.02,99205120,0,1,2,0,0,""
1,candidate,read,cold,149.61183399999572,0.15,0.02,99172352,0,1,2,0,0,""
1,old,read,cold,647.3342080000002,0.15,0.02,99745792,1,5,6,114,0,"スキップ: TIMEOUT_EXCEEDED"
1,old,read,cold,652.1084999999875,0.15,0.02,99860480,1,5,6,114,0,"スキップ: TIMEOUT_EXCEEDED"
1,candidate,read,cold,150.79900000001362,0.15,0.02,99188736,0,1,2,0,0,""
1,candidate,read,cold,149.73612500001036,0.15,0.02,99319808,0,1,2,0,0,""
1,old,read,cold,650.1214590000018,0.15,0.02,99631104,1,5,6,114,0,"スキップ: TIMEOUT_EXCEEDED"
1,old,read,cold,647.8153750000056,0.15,0.02,99368960,1,5,6,114,0,"スキップ: TIMEOUT_EXCEEDED"
1,candidate,read,cold,152.19737500000338,0.15,0.02,99008512,0,1,2,0,0,""
1,candidate,read,cold,154.89400000000023,0.16,0.02,99139584,0,1,2,0,0,""
1,old,read,cold,638.1790420000034,0.15,0.02,99631104,1,5,6,114,0,"スキップ: TIMEOUT_EXCEEDED"
1,old,read,cold,642.4886249999981,0.15,0.02,99434496,1,5,6,114,0,"スキップ: TIMEOUT_EXCEEDED"
1,candidate,read,cold,153.81808399999863,0.15,0.02,99090432,0,1,2,0,0,""
1,candidate,read,cold,154.0037500000035,0.16,0.02,99155968,0,1,2,0,0,""
1,old,read,cold,652.8507909999898,0.15,0.02,99549184,1,5,6,114,0,"スキップ: TIMEOUT_EXCEEDED"
1,old,read,cold,637.9330420000042,0.15,0.02,99893248,1,5,6,114,0,"スキップ: TIMEOUT_EXCEEDED"
1,candidate,read,cold,142.94466599999578,0.15,0.02,99270656,0,1,2,0,0,""
1,candidate,read,cold,142.01216600000043,0.15,0.02,98959360,0,1,2,0,0,""
1,old,read,cold,651.8673750000016,0.15,0.02,99893248,1,5,6,114,0,"スキップ: TIMEOUT_EXCEEDED"
1,old,read,cold,654.1071250000095,0.15,0.02,99942400,1,5,6,114,0,"スキップ: TIMEOUT_EXCEEDED"
1,candidate,read,cold,135.01708299999882,0.15,0.02,99008512,0,1,2,0,0,""
1,candidate,read,cold,143.34054199999082,0.15,0.02,99237888,0,1,2,0,0,""
1,old,read,cold,652.875457999995,0.15,0.02,99713024,1,5,6,114,0,"スキップ: TIMEOUT_EXCEEDED"
1,old,read,cold,648.754958000005,0.15,0.02,99598336,1,5,6,114,0,"スキップ: TIMEOUT_EXCEEDED"
1,candidate,read,cold,148.98220800000126,0.15,0.02,99057664,0,1,2,0,0,""
1,candidate,read,cold,149.15920800001186,0.15,0.02,98893824,0,1,2,0,0,""
1,old,read,cold,653.7282500000001,0.15,0.02,99745792,1,5,6,114,0,"スキップ: TIMEOUT_EXCEEDED"
1,old,read,cold,652.8482910000166,0.15,0.02,99827712,1,5,6,114,0,"スキップ: TIMEOUT_EXCEEDED"
1,candidate,read,cold,128.80870900000446,0.16,0.02,99205120,0,1,2,0,0,""
1,candidate,read,cold,141.58225000000675,0.15,0.02,99139584,0,1,2,0,0,""
1,old,read,cold,651.2599169999885,0.15,0.02,99745792,1,5,6,114,0,"スキップ: TIMEOUT_EXCEEDED"
1,old,disabled,cold,149.65145799997845,0.15,0.02,99778560,0,1,2,111,0,"スキップ: HOOK_DISABLED"
1,candidate,disabled,cold,147.14212500001304,0.15,0.02,99155968,0,1,2,0,0,""
1,candidate,disabled,cold,139.27612499997485,0.15,0.02,99090432,0,1,2,0,0,""
1,old,disabled,cold,140.403707999998,0.15,0.02,99745792,0,1,2,111,0,"スキップ: HOOK_DISABLED"
1,old,disabled,cold,141.4369580000057,0.15,0.02,99549184,0,1,2,111,0,"スキップ: HOOK_DISABLED"
1,candidate,disabled,cold,152.23070899999584,0.15,0.02,98926592,0,1,2,0,0,""
1,candidate,disabled,cold,147.3324159999902,0.15,0.02,99123200,0,1,2,0,0,""
1,old,disabled,cold,140.40770800001337,0.15,0.02,99500032,0,1,2,111,0,"スキップ: HOOK_DISABLED"
1,old,disabled,cold,142.64079200002016,0.15,0.02,99647488,0,1,2,111,0,"スキップ: HOOK_DISABLED"
1,candidate,disabled,cold,149.00795900000958,0.15,0.02,99041280,0,1,2,0,0,""
1,candidate,disabled,cold,148.31024999998044,0.16,0.02,98779136,0,1,2,0,0,""
1,old,disabled,cold,147.21966699999757,0.15,0.02,99434496,0,1,2,111,0,"スキップ: HOOK_DISABLED"
1,old,disabled,cold,143.5616250000021,0.15,0.02,99680256,0,1,2,111,0,"スキップ: HOOK_DISABLED"
1,candidate,disabled,cold,139.25966700000572,0.15,0.02,99155968,0,1,2,0,0,""
1,candidate,disabled,cold,141.31354099998134,0.15,0.02,99221504,0,1,2,0,0,""
1,old,disabled,cold,145.23979200000758,0.15,0.02,99237888,0,1,2,111,0,"スキップ: HOOK_DISABLED"
1,old,disabled,cold,147.46058300000732,0.15,0.02,99418112,0,1,2,111,0,"スキップ: HOOK_DISABLED"
1,candidate,disabled,cold,150.43362500000512,0.15,0.02,98959360,0,1,2,0,0,""
1,candidate,disabled,cold,145.60429200000362,0.15,0.02,99008512,0,1,2,0,0,""
1,old,disabled,cold,146.213665999996,0.15,0.02,99598336,0,1,2,111,0,"スキップ: HOOK_DISABLED"
1,old,disabled,cold,152.7958750000107,0.15,0.02,99762176,0,1,2,111,0,"スキップ: HOOK_DISABLED"
1,candidate,disabled,cold,145.7394589999749,0.15,0.02,98959360,0,1,2,0,0,""
1,candidate,disabled,cold,147.93833299999824,0.15,0.02,99172352,0,1,2,0,0,""
1,old,disabled,cold,148.88979200000176,0.15,0.02,99401728,0,1,2,111,0,"スキップ: HOOK_DISABLED"
1,old,disabled,cold,147.22575000001234,0.15,0.02,99303424,0,1,2,111,0,"スキップ: HOOK_DISABLED"
1,candidate,disabled,cold,145.078125,0.15,0.02,99123200,0,1,2,0,0,""
1,candidate,disabled,cold,155.31991700001527,0.15,0.02,99041280,0,1,2,0,0,""
1,old,disabled,cold,141.27095799997915,0.15,0.02,99647488,0,1,2,111,0,"スキップ: HOOK_DISABLED"
1,old,disabled,cold,148.97862500001793,0.15,0.02,99336192,0,1,2,111,0,"スキップ: HOOK_DISABLED"
1,candidate,disabled,cold,147.38175000000047,0.15,0.02,98910208,0,1,2,0,0,""
1,candidate,disabled,cold,147.6042079999752,0.15,0.02,99368960,0,1,2,0,0,""
1,old,disabled,cold,146.48587500001304,0.15,0.02,99532800,0,1,2,111,0,"スキップ: HOOK_DISABLED"
1,old,disabled,cold,151.02012500001,0.15,0.02,99467264,0,1,2,111,0,"スキップ: HOOK_DISABLED"
1,candidate,disabled,cold,148.82241600000998,0.15,0.02,99139584,0,1,2,0,0,""
1,candidate,disabled,cold,152.56387499999255,0.15,0.02,99237888,0,1,2,0,0,""
1,old,disabled,cold,150.80620900000213,0.16,0.02,99565568,0,1,2,111,0,"スキップ: HOOK_DISABLED"
1,old,disabled,cold,144.10537499998463,0.16,0.02,99794944,0,1,2,111,0,"スキップ: HOOK_DISABLED"
1,candidate,disabled,cold,157.88066699999035,0.16,0.02,99221504,0,1,2,0,0,""
1,candidate,disabled,cold,173.09775000001537,0.16,0.02,99041280,0,1,2,0,0,""
1,old,disabled,cold,134.61295800001244,0.15,0.02,99450880,0,1,2,111,0,"スキップ: HOOK_DISABLED"
1,old,disabled,cold,145.56020800000988,0.16,0.02,99401728,0,1,2,111,0,"スキップ: HOOK_DISABLED"
1,candidate,disabled,cold,154.14483299999847,0.16,0.02,99139584,0,1,2,0,0,""
1,candidate,disabled,cold,148.6215830000001,0.16,0.02,99270656,0,1,2,0,0,""
1,old,disabled,cold,154.3284590000112,0.17,0.02,99745792,0,1,2,111,0,"スキップ: HOOK_DISABLED"
1,old,disabled,cold,144.47195800000918,0.15,0.02,99434496,0,1,2,111,0,"スキップ: HOOK_DISABLED"
1,candidate,disabled,cold,153.92245799998636,0.16,0.02,98959360,0,1,2,0,0,""
1,candidate,disabled,cold,146.12791599999764,0.16,0.02,99024896,0,1,2,0,0,""
1,old,disabled,cold,143.64566700000432,0.16,0.02,99303424,0,1,2,111,0,"スキップ: HOOK_DISABLED"
1,old,disabled,cold,152.58554200001527,0.16,0.02,99598336,0,1,2,111,0,"スキップ: HOOK_DISABLED"
1,candidate,disabled,cold,153.47625000000698,0.16,0.02,99024896,0,1,2,0,0,""
1,candidate,disabled,cold,149.35712500000955,0.16,0.02,99074048,0,1,2,0,0,""
1,old,disabled,cold,132.13145899999654,0.16,0.02,99647488,0,1,2,111,0,"スキップ: HOOK_DISABLED"
1,old,disabled,cold,155.2666250000184,0.16,0.02,99794944,0,1,2,111,0,"スキップ: HOOK_DISABLED"
1,candidate,disabled,cold,155.78475000002072,0.17,0.02,99205120,0,1,2,0,0,""
1,candidate,disabled,cold,157.6524999999965,0.17,0.02,99024896,0,1,2,0,0,""
1,old,disabled,cold,153.86516600000323,0.15,0.02,99336192,0,1,2,111,0,"スキップ: HOOK_DISABLED"
1,old,disabled,cold,149.1313749999972,0.16,0.02,99303424,0,1,2,111,0,"スキップ: HOOK_DISABLED"
1,candidate,disabled,cold,147.63108300001477,0.15,0.02,98975744,0,1,2,0,0,""
1,candidate,disabled,cold,145.2035409999953,0.15,0.02,99221504,0,1,2,0,0,""
1,old,disabled,cold,141.86912499999744,0.15,0.02,99532800,0,1,2,111,0,"スキップ: HOOK_DISABLED"
1,old,write,cold,652.9442080000008,0.15,0.02,99598336,1,5,6,114,0,"スキップ: TIMEOUT_EXCEEDED"
1,candidate,write,cold,533.502582999994,0.56,0.06,141262848,1,2,4,0,0,"Lint診断 (exitCode=1):"
1,candidate,write,cold,538.4765829999815,0.57,0.06,140394496,1,2,4,0,0,"Lint診断 (exitCode=1):"
1,old,write,cold,638.877708999993,0.15,0.02,99794944,1,5,6,114,0,"スキップ: TIMEOUT_EXCEEDED"
1,old,write,cold,652.6942089999793,0.15,0.02,99729408,1,5,6,114,0,"スキップ: TIMEOUT_EXCEEDED"
1,candidate,write,cold,538.3189160000184,0.56,0.06,140230656,1,2,4,0,0,"Lint診断 (exitCode=1):"
1,candidate,write,cold,527.4265000000014,0.57,0.06,140394496,1,2,4,0,0,"Lint診断 (exitCode=1):"
1,old,write,cold,631.3962089999986,0.15,0.02,99581952,1,5,6,114,0,"スキップ: TIMEOUT_EXCEEDED"
1,old,write,cold,649.8182080000115,0.15,0.02,100040704,1,5,6,114,0,"スキップ: TIMEOUT_EXCEEDED"
1,candidate,write,cold,539.5203329999931,0.59,0.07,140984320,1,2,4,0,0,"Lint診断 (exitCode=1):"
1,candidate,write,cold,559.08924999999,0.6,0.07,142295040,1,2,4,0,0,"Lint診断 (exitCode=1):"
1,old,write,cold,644.7605419999745,0.16,0.02,99958784,1,5,6,114,0,"スキップ: TIMEOUT_EXCEEDED"
1,old,write,cold,666.3139589999919,0.17,0.02,99778560,1,5,6,114,0,"スキップ: TIMEOUT_EXCEEDED"
1,candidate,write,cold,566.9796670000069,0.61,0.07,140738560,1,2,4,0,0,"Lint診断 (exitCode=1):"
1,candidate,write,cold,543.5592079999915,0.57,0.06,140492800,1,2,4,0,0,"Lint診断 (exitCode=1):"
1,old,write,cold,647.0779160000093,0.15,0.02,99614720,1,5,6,114,0,"スキップ: TIMEOUT_EXCEEDED"
1,old,write,cold,644.7680419999815,0.15,0.02,99762176,1,5,6,114,0,"スキップ: TIMEOUT_EXCEEDED"
1,candidate,write,cold,548.4294999999984,0.57,0.06,140279808,1,2,4,0,0,"Lint診断 (exitCode=1):"
1,candidate,write,cold,551.1611249999842,0.62,0.06,145555456,1,2,4,0,0,"Lint診断 (exitCode=1):"
1,old,write,cold,643.8692499999888,0.15,0.02,99729408,1,5,6,114,0,"スキップ: TIMEOUT_EXCEEDED"
1,old,write,cold,655.2740409999969,0.15,0.02,99942400,1,5,6,114,0,"スキップ: TIMEOUT_EXCEEDED"
1,candidate,write,cold,552.2188330000208,0.57,0.06,140558336,1,2,4,0,0,"Lint診断 (exitCode=1):"
1,candidate,write,cold,535.3236660000111,0.57,0.06,140640256,1,2,4,0,0,"Lint診断 (exitCode=1):"
1,old,write,cold,643.0677079999878,0.15,0.02,99532800,1,5,6,114,0,"スキップ: TIMEOUT_EXCEEDED"
1,old,write,cold,653.9716250000056,0.15,0.02,99483648,1,5,6,114,0,"スキップ: TIMEOUT_EXCEEDED"
1,candidate,write,cold,526.9494159999886,0.56,0.06,140247040,1,2,4,0,0,"Lint診断 (exitCode=1):"
1,candidate,write,cold,541.7551669999957,0.56,0.06,140181504,1,2,4,0,0,"Lint診断 (exitCode=1):"
1,old,write,cold,640.4794170000241,0.15,0.02,99581952,1,5,6,114,0,"スキップ: TIMEOUT_EXCEEDED"
1,old,write,cold,652.435541999992,0.15,0.02,99663872,1,5,6,114,0,"スキップ: TIMEOUT_EXCEEDED"
1,candidate,write,cold,543.8417090000003,0.57,0.06,140361728,1,2,4,0,0,"Lint診断 (exitCode=1):"
1,candidate,write,cold,541.4138329999987,0.57,0.06,140197888,1,2,4,0,0,"Lint診断 (exitCode=1):"
1,old,write,cold,646.1182909999916,0.16,0.02,99647488,1,5,6,114,0,"スキップ: TIMEOUT_EXCEEDED"
1,old,write,cold,648.4223749999946,0.15,0.02,99303424,1,5,6,114,0,"スキップ: TIMEOUT_EXCEEDED"
1,candidate,write,cold,542.9880830000038,0.57,0.06,140378112,1,2,4,0,0,"Lint診断 (exitCode=1):"
1,candidate,write,cold,518.9897090000159,0.56,0.06,140492800,1,2,4,0,0,"Lint診断 (exitCode=1):"
1,old,write,cold,641.7682920000225,0.15,0.02,99549184,1,5,6,114,0,"スキップ: TIMEOUT_EXCEEDED"
1,old,write,cold,646.9585420000076,0.15,0.02,99713024,1,5,6,114,0,"スキップ: TIMEOUT_EXCEEDED"
1,candidate,write,cold,537.9368329999852,0.56,0.06,140148736,1,2,4,0,0,"Lint診断 (exitCode=1):"
1,candidate,write,cold,531.0367079999996,0.56,0.06,140853248,1,2,4,0,0,"Lint診断 (exitCode=1):"
1,old,write,cold,641.7310829999915,0.15,0.02,99762176,1,5,6,114,0,"スキップ: TIMEOUT_EXCEEDED"
1,old,write,cold,644.8380000000179,0.15,0.02,99287040,1,5,6,114,0,"スキップ: TIMEOUT_EXCEEDED"
1,candidate,write,cold,547.0054999999993,0.57,0.06,140623872,1,2,4,0,0,"Lint診断 (exitCode=1):"
1,candidate,write,cold,537.8200420000067,0.56,0.06,140328960,1,2,4,0,0,"Lint診断 (exitCode=1):"
1,old,write,cold,649.067584000004,0.16,0.02,99811328,1,5,6,114,0,"スキップ: TIMEOUT_EXCEEDED"
1,old,write,cold,654.0008749999979,0.15,0.02,100024320,1,5,6,114,0,"スキップ: TIMEOUT_EXCEEDED"
1,candidate,write,cold,539.8052909999969,0.56,0.06,140460032,1,2,4,0,0,"Lint診断 (exitCode=1):"
1,candidate,write,cold,542.6611670000129,0.57,0.06,140050432,1,2,4,0,0,"Lint診断 (exitCode=1):"
1,old,write,cold,644.3086250000051,0.15,0.02,99778560,1,5,6,114,0,"スキップ: TIMEOUT_EXCEEDED"
1,old,write,cold,648.9362079999992,0.15,0.02,99663872,1,5,6,114,0,"スキップ: TIMEOUT_EXCEEDED"
1,candidate,write,cold,542.5814580000006,0.56,0.06,140460032,1,2,4,0,0,"Lint診断 (exitCode=1):"
1,candidate,write,cold,545.9396249999991,0.58,0.06,140918784,1,2,4,0,0,"Lint診断 (exitCode=1):"
1,old,write,cold,643.6608750000014,0.15,0.02,99844096,1,5,6,114,0,"スキップ: TIMEOUT_EXCEEDED"
1,old,write,cold,650.3866250000137,0.15,0.02,99811328,1,5,6,114,0,"スキップ: TIMEOUT_EXCEEDED"
1,candidate,write,cold,533.2754589999968,0.59,0.07,140640256,1,2,4,0,0,"Lint診断 (exitCode=1):"
1,candidate,write,cold,543.5080420000013,0.6,0.07,141164544,1,2,4,0,0,"Lint診断 (exitCode=1):"
1,old,write,cold,642.6258340000059,0.16,0.02,99893248,1,5,6,114,0,"スキップ: TIMEOUT_EXCEEDED"
1,old,write,cold,658.384625000006,0.16,0.02,99647488,1,5,6,114,0,"スキップ: TIMEOUT_EXCEEDED"
1,candidate,write,cold,567.4703330000048,0.6,0.07,141606912,1,2,4,0,0,"Lint診断 (exitCode=1):"
1,candidate,write,cold,543.4860829999961,0.61,0.07,140197888,1,2,4,0,0,"Lint診断 (exitCode=1):"
1,old,write,cold,637.894082999992,0.15,0.02,99516416,1,5,6,114,0,"スキップ: TIMEOUT_EXCEEDED"
2,old,read,warm,842.2812920000001,0.32,0.11,189497344,1,3,6,114,0,"スキップ: TIMEOUT_EXCEEDED"
2,candidate,read,warm,349.40266699999984,0.34,0.11,189382656,0,0,2,0,0,""
2,candidate,read,warm,332.42808300000024,0.33,0.11,188940288,0,0,2,0,0,""
2,old,read,warm,828.7540420000005,0.33,0.11,190251008,1,3,6,114,0,"スキップ: TIMEOUT_EXCEEDED"
2,old,read,warm,843.2433329999994,0.32,0.11,189513728,1,3,6,114,0,"スキップ: TIMEOUT_EXCEEDED"
2,candidate,read,warm,344.634,0.32,0.11,189267968,0,0,2,0,0,""
2,candidate,read,warm,378.0359589999998,0.33,0.13,189382656,0,0,2,0,0,""
2,old,read,warm,853.7510420000008,0.32,0.12,189988864,1,3,6,114,0,"スキップ: TIMEOUT_EXCEEDED"
2,old,read,warm,842.44175,0.32,0.11,190038016,1,3,6,114,0,"スキップ: TIMEOUT_EXCEEDED"
2,candidate,read,warm,344.23133300000063,0.33,0.11,189284352,0,0,2,0,0,""
2,candidate,read,warm,338.4602080000004,0.32,0.11,188956672,0,0,2,0,0,""
2,old,read,warm,840.837207999999,0.32,0.11,189857792,1,3,6,114,0,"スキップ: TIMEOUT_EXCEEDED"
2,old,read,warm,845.5270830000009,0.32,0.11,189169664,1,3,6,114,0,"スキップ: TIMEOUT_EXCEEDED"
2,candidate,read,warm,344.1997079999983,0.33,0.11,189464576,0,0,2,0,0,""
2,candidate,read,warm,341.43674999999894,0.32,0.11,188841984,0,0,2,0,0,""
2,old,read,warm,843.9995419999996,0.32,0.11,189513728,1,3,6,114,0,"スキップ: TIMEOUT_EXCEEDED"
2,old,read,warm,864.8640409999989,0.33,0.12,190185472,1,3,6,114,0,"スキップ: TIMEOUT_EXCEEDED"
2,candidate,read,warm,340.98158299999886,0.33,0.11,189038592,0,0,2,0,0,""
2,candidate,read,warm,340.86266700000124,0.32,0.11,188956672,0,0,2,0,0,""
2,old,read,warm,843.6181670000005,0.32,0.11,189382656,1,3,6,114,0,"スキップ: TIMEOUT_EXCEEDED"
2,old,read,warm,826.907874999999,0.32,0.11,189513728,1,3,6,114,0,"スキップ: TIMEOUT_EXCEEDED"
2,candidate,read,warm,346.35599999999977,0.33,0.11,189235200,0,0,2,0,0,""
2,candidate,read,warm,342.63591599999927,0.32,0.11,189120512,0,0,2,0,0,""
2,old,read,warm,855.2676250000004,0.34,0.12,189579264,1,3,6,114,0,"スキップ: TIMEOUT_EXCEEDED"
2,old,read,warm,874.9457910000019,0.34,0.12,188645376,1,3,6,114,0,"スキップ: TIMEOUT_EXCEEDED"
2,candidate,read,warm,356.04133400000137,0.35,0.12,189497344,0,0,2,0,0,""
2,candidate,read,warm,353.9122500000012,0.36,0.12,189431808,0,0,2,0,0,""
2,old,read,warm,846.5475829999996,0.33,0.11,189415424,1,3,6,114,0,"スキップ: TIMEOUT_EXCEEDED"
2,old,read,warm,858.1650840000002,0.34,0.12,189136896,1,3,6,114,0,"スキップ: TIMEOUT_EXCEEDED"
2,candidate,read,warm,347.0407500000001,0.33,0.11,189267968,0,0,2,0,0,""
2,candidate,read,warm,327.1364169999979,0.33,0.11,188940288,0,0,2,0,0,""
2,old,read,warm,845.023374999997,0.32,0.11,189235200,1,3,6,114,0,"スキップ: TIMEOUT_EXCEEDED"
2,old,read,warm,842.6470000000008,0.33,0.11,189497344,1,3,6,114,0,"スキップ: TIMEOUT_EXCEEDED"
2,candidate,read,warm,349.83758300000045,0.33,0.11,188661760,0,0,2,0,0,""
2,candidate,read,warm,342.3609159999978,0.33,0.11,189333504,0,0,2,0,0,""
2,old,read,warm,839.6280409999999,0.32,0.11,189169664,1,3,6,114,0,"スキップ: TIMEOUT_EXCEEDED"
2,old,read,warm,845.1648329999989,0.33,0.11,189038592,1,3,6,114,0,"スキップ: TIMEOUT_EXCEEDED"
2,candidate,read,warm,344.85883399999875,0.32,0.11,189054976,0,0,2,0,0,""
2,candidate,read,warm,360.2692500000012,0.34,0.12,189792256,0,0,2,0,0,""
2,old,read,warm,843.7690840000032,0.32,0.11,189382656,1,3,6,114,0,"スキップ: TIMEOUT_EXCEEDED"
2,old,read,warm,843.3619160000017,0.32,0.11,189284352,1,3,6,114,0,"スキップ: TIMEOUT_EXCEEDED"
2,candidate,read,warm,340.1135830000021,0.33,0.11,189284352,0,0,2,0,0,""
2,candidate,read,warm,341.75854099999924,0.33,0.11,189743104,0,0,2,0,0,""
2,old,read,warm,842.6710829999975,0.32,0.11,189136896,1,3,6,114,0,"スキップ: TIMEOUT_EXCEEDED"
2,old,read,warm,844.3322499999995,0.32,0.11,189513728,1,3,6,114,0,"スキップ: TIMEOUT_EXCEEDED"
2,candidate,read,warm,341.5846249999995,0.32,0.11,188841984,0,0,2,0,0,""
2,candidate,read,warm,339.4110839999994,0.32,0.11,188760064,0,0,2,0,0,""
2,old,read,warm,845.1684999999998,0.32,0.11,189267968,1,3,6,114,0,"スキップ: TIMEOUT_EXCEEDED"
2,old,read,warm,844.1229590000003,0.32,0.11,189382656,1,3,6,114,0,"スキップ: TIMEOUT_EXCEEDED"
2,candidate,read,warm,347.69179200000144,0.33,0.11,188432384,0,0,2,0,0,""
2,candidate,read,warm,342.3451249999998,0.33,0.11,188481536,0,0,2,0,0,""
2,old,read,warm,845.7279159999962,0.32,0.11,190332928,1,3,6,114,0,"スキップ: TIMEOUT_EXCEEDED"
2,old,read,warm,842.4451250000056,0.32,0.11,187236352,1,3,6,114,0,"スキップ: TIMEOUT_EXCEEDED"
2,candidate,read,warm,343.8110420000012,0.33,0.11,189349888,0,0,2,0,0,""
2,candidate,read,warm,331.09675000000425,0.32,0.11,189628416,0,0,2,0,0,""
2,old,read,warm,843.9108330000017,0.32,0.11,188645376,1,3,6,114,0,"スキップ: TIMEOUT_EXCEEDED"
2,old,read,warm,846.726125000001,0.32,0.11,189349888,1,3,6,114,0,"スキップ: TIMEOUT_EXCEEDED"
2,candidate,read,warm,342.671500000004,0.33,0.11,189448192,0,0,2,0,0,""
2,candidate,read,warm,344.38404199999786,0.32,0.11,189120512,0,0,2,0,0,""
2,old,read,warm,842.4647909999985,0.32,0.11,189284352,1,3,6,114,0,"スキップ: TIMEOUT_EXCEEDED"
2,old,disabled,warm,336.32516600000235,0.32,0.11,189431808,0,0,2,111,0,"スキップ: HOOK_DISABLED"
2,candidate,disabled,warm,340.0622500000027,0.33,0.11,179814400,0,0,2,0,0,""
2,candidate,disabled,warm,345.0019160000011,0.32,0.11,189284352,0,0,2,0,0,""
2,old,disabled,warm,340.09291700000176,0.32,0.11,189120512,0,0,2,111,0,"スキップ: HOOK_DISABLED"
2,old,disabled,warm,339.65858399999706,0.32,0.11,189071360,0,0,2,111,0,"スキップ: HOOK_DISABLED"
2,candidate,disabled,warm,342.44650000000547,0.32,0.11,189153280,0,0,2,0,0,""
2,candidate,disabled,warm,342.82570800000394,0.32,0.11,189300736,0,0,2,0,0,""
2,old,disabled,warm,336.4789579999997,0.32,0.11,188858368,0,0,2,111,0,"スキップ: HOOK_DISABLED"
2,old,disabled,warm,337.822957999997,0.32,0.11,189693952,0,0,2,111,0,"スキップ: HOOK_DISABLED"
2,candidate,disabled,warm,344.85854200000176,0.33,0.11,189661184,0,0,2,0,0,""
2,candidate,disabled,warm,338.2442499999961,0.32,0.11,188841984,0,0,2,0,0,""
2,old,disabled,warm,336.6894160000011,0.32,0.11,189317120,0,0,2,111,0,"スキップ: HOOK_DISABLED"
2,old,disabled,warm,339.42949999999837,0.32,0.11,189071360,0,0,2,111,0,"スキップ: HOOK_DISABLED"
2,candidate,disabled,warm,341.8398339999985,0.32,0.11,189497344,0,0,2,0,0,""
2,candidate,disabled,warm,341.5278330000001,0.32,0.11,189071360,0,0,2,0,0,""
2,old,disabled,warm,337.3112919999985,0.32,0.11,189431808,0,0,2,111,0,"スキップ: HOOK_DISABLED"
2,old,disabled,warm,335.3343750000058,0.32,0.11,189202432,0,0,2,111,0,"スキップ: HOOK_DISABLED"
2,candidate,disabled,warm,371.4030419999981,0.35,0.11,189513728,0,0,2,0,0,""
2,candidate,disabled,warm,341.01287500000035,0.32,0.11,188956672,0,0,2,0,0,""
2,old,disabled,warm,334.2075000000041,0.32,0.11,189628416,0,0,2,111,0,"スキップ: HOOK_DISABLED"
2,old,disabled,warm,337.35170800000196,0.32,0.11,189202432,0,0,2,111,0,"スキップ: HOOK_DISABLED"
2,candidate,disabled,warm,350.67870799999946,0.33,0.11,189022208,0,0,2,0,0,""
2,candidate,disabled,warm,342.0686249999999,0.32,0.11,189644800,0,0,2,0,0,""
2,old,disabled,warm,343.66599999999744,0.32,0.11,189235200,0,0,2,111,0,"スキップ: HOOK_DISABLED"
2,old,disabled,warm,337.83262500000274,0.32,0.11,189104128,0,0,2,111,0,"スキップ: HOOK_DISABLED"
2,candidate,disabled,warm,344.95291699999507,0.33,0.11,189497344,0,0,2,0,0,""
2,candidate,disabled,warm,341.25729200000205,0.33,0.11,188858368,0,0,2,0,0,""
2,old,disabled,warm,338.1177499999976,0.32,0.11,189743104,0,0,2,111,0,"スキップ: HOOK_DISABLED"
2,old,disabled,warm,326.36762499999895,0.32,0.11,189284352,0,0,2,111,0,"スキップ: HOOK_DISABLED"
2,candidate,disabled,warm,344.8836250000022,0.33,0.11,189087744,0,0,2,0,0,""
2,candidate,disabled,warm,342.1034579999978,0.32,0.11,189644800,0,0,2,0,0,""
2,old,disabled,warm,335.79849999999715,0.32,0.11,189464576,0,0,2,111,0,"スキップ: HOOK_DISABLED"
2,old,disabled,warm,338.03570800000307,0.32,0.11,189284352,0,0,2,111,0,"スキップ: HOOK_DISABLED"
2,candidate,disabled,warm,342.8220000000001,0.33,0.11,188923904,0,0,2,0,0,""
2,candidate,disabled,warm,346.77079100000265,0.33,0.11,189153280,0,0,2,0,0,""
2,old,disabled,warm,364.6837500000038,0.35,0.12,189333504,0,0,2,111,0,"スキップ: HOOK_DISABLED"
2,old,disabled,warm,337.0717500000028,0.32,0.11,189186048,0,0,2,111,0,"スキップ: HOOK_DISABLED"
2,candidate,disabled,warm,339.83400000000256,0.32,0.11,189382656,0,0,2,0,0,""
2,candidate,disabled,warm,340.7667500000025,0.33,0.11,189251584,0,0,2,0,0,""
2,old,disabled,warm,337.4155840000021,0.32,0.11,188858368,0,0,2,111,0,"スキップ: HOOK_DISABLED"
2,old,disabled,warm,337.2497500000027,0.32,0.11,189825024,0,0,2,111,0,"スキップ: HOOK_DISABLED"
2,candidate,disabled,warm,341.74866699999984,0.33,0.11,188956672,0,0,2,0,0,""
2,candidate,disabled,warm,340.7639579999959,0.32,0.11,189235200,0,0,2,0,0,""
2,old,disabled,warm,338.39616699999897,0.32,0.11,189169664,0,0,2,111,0,"スキップ: HOOK_DISABLED"
2,old,disabled,warm,336.9946670000063,0.32,0.11,189300736,0,0,2,111,0,"スキップ: HOOK_DISABLED"
2,candidate,disabled,warm,346.6287500000035,0.33,0.11,189841408,0,0,2,0,0,""
2,candidate,disabled,warm,343.041707999997,0.33,0.11,189022208,0,0,2,0,0,""
2,old,disabled,warm,337.71616599999834,0.32,0.11,189710336,0,0,2,111,0,"スキップ: HOOK_DISABLED"
2,old,disabled,warm,340.190416999998,0.32,0.11,189775872,0,0,2,111,0,"スキップ: HOOK_DISABLED"
2,candidate,disabled,warm,344.0865830000039,0.32,0.11,189005824,0,0,2,0,0,""
2,candidate,disabled,warm,346.9504589999997,0.34,0.11,189169664,0,0,2,0,0,""
2,old,disabled,warm,335.333375000002,0.32,0.11,188940288,0,0,2,111,0,"スキップ: HOOK_DISABLED"
2,old,disabled,warm,336.2808339999974,0.32,0.11,188776448,0,0,2,111,0,"スキップ: HOOK_DISABLED"
2,candidate,disabled,warm,339.0653750000056,0.32,0.11,189202432,0,0,2,0,0,""
2,candidate,disabled,warm,345.5637910000005,0.33,0.11,189251584,0,0,2,0,0,""
2,old,disabled,warm,355.85270799999853,0.34,0.11,189448192,0,0,2,111,0,"スキップ: HOOK_DISABLED"
2,old,disabled,warm,339.74391599999944,0.32,0.11,188956672,0,0,2,111,0,"スキップ: HOOK_DISABLED"
2,candidate,disabled,warm,343.13883400000486,0.32,0.11,184287232,0,0,2,0,0,""
2,candidate,disabled,warm,360.94879099999525,0.34,0.11,189087744,0,0,2,0,0,""
2,old,disabled,warm,350.3658340000038,0.33,0.11,181665792,0,0,2,111,0,"スキップ: HOOK_DISABLED"
2,old,write,warm,861.5172920000041,0.35,0.12,189775872,1,3,6,114,0,"スキップ: TIMEOUT_EXCEEDED"
2,candidate,write,warm,774.1129999999976,0.77,0.17,189169664,1,1,4,0,0,"Lint診断 (exitCode=1):"
2,candidate,write,warm,764.3166249999995,0.79,0.17,189759488,1,1,4,0,0,"Lint診断 (exitCode=1):"
2,old,write,warm,841.7678749999977,0.35,0.12,189300736,1,3,6,114,0,"スキップ: TIMEOUT_EXCEEDED"
2,old,write,warm,876.3703749999986,0.36,0.12,188661760,1,3,5,114,0,"スキップ: TIMEOUT_EXCEEDED"
2,candidate,write,warm,787.5010419999962,0.79,0.18,189775872,1,1,4,0,0,"Lint診断 (exitCode=1):"
2,candidate,write,warm,722.622000000003,0.73,0.15,189284352,1,1,4,0,0,"Lint診断 (exitCode=1):"
2,old,write,warm,836.3613329999935,0.32,0.11,189693952,1,3,6,114,0,"スキップ: TIMEOUT_EXCEEDED"
2,old,write,warm,844.023125000007,0.32,0.11,189333504,1,3,6,114,0,"スキップ: TIMEOUT_EXCEEDED"
2,candidate,write,warm,744.6170829999901,0.74,0.15,188874752,1,1,4,0,0,"Lint診断 (exitCode=1):"
2,candidate,write,warm,718.6007079999981,0.73,0.15,188891136,1,1,4,0,0,"Lint診断 (exitCode=1):"
2,old,write,warm,835.7819580000069,0.32,0.11,190087168,1,3,6,114,0,"スキップ: TIMEOUT_EXCEEDED"
2,old,write,warm,861.4800830000022,0.34,0.12,190169088,1,3,5,114,0,"スキップ: TIMEOUT_EXCEEDED"
2,candidate,write,warm,758.9425829999964,0.79,0.16,189743104,1,1,4,0,0,"Lint診断 (exitCode=1):"
2,candidate,write,warm,762.8862499999959,0.78,0.17,189366272,1,1,4,0,0,"Lint診断 (exitCode=1):"
2,old,write,warm,855.1041669999977,0.34,0.12,190906368,1,3,6,114,0,"スキップ: TIMEOUT_EXCEEDED"
2,old,write,warm,847.0877089999994,0.32,0.11,189366272,1,3,6,114,0,"スキップ: TIMEOUT_EXCEEDED"
2,candidate,write,warm,736.1373750000057,0.75,0.15,189923328,1,1,4,0,0,"Lint診断 (exitCode=1):"
2,candidate,write,warm,728.6130419999972,0.74,0.15,189415424,1,1,4,0,0,"Lint診断 (exitCode=1):"
2,old,write,warm,836.3080000000045,0.32,0.11,189480960,1,3,6,114,0,"スキップ: TIMEOUT_EXCEEDED"
2,old,write,warm,844.5332919999928,0.33,0.11,189710336,1,3,6,114,0,"スキップ: TIMEOUT_EXCEEDED"
2,candidate,write,warm,745.3489160000026,0.73,0.15,189448192,1,1,4,0,0,"Lint診断 (exitCode=1):"
2,candidate,write,warm,719.2348749999946,0.73,0.15,189677568,1,1,4,0,0,"Lint診断 (exitCode=1):"
2,old,write,warm,836.0356670000037,0.32,0.11,189513728,1,3,6,114,0,"スキップ: TIMEOUT_EXCEEDED"
2,old,write,warm,843.007666999998,0.32,0.11,189825024,1,3,6,114,0,"スキップ: TIMEOUT_EXCEEDED"
2,candidate,write,warm,740.9797499999986,0.74,0.15,189071360,1,1,4,0,0,"Lint診断 (exitCode=1):"
2,candidate,write,warm,736.4368749999994,0.74,0.15,189677568,1,1,4,0,0,"Lint診断 (exitCode=1):"
2,old,write,warm,839.6417910000018,0.32,0.11,188989440,1,3,6,114,0,"スキップ: TIMEOUT_EXCEEDED"
2,old,write,warm,838.6649999999936,0.32,0.11,189890560,1,3,6,114,0,"スキップ: TIMEOUT_EXCEEDED"
2,candidate,write,warm,740.866750000001,0.73,0.15,189628416,1,1,4,0,0,"Lint診断 (exitCode=1):"
2,candidate,write,warm,725.0545830000046,0.74,0.15,189071360,1,1,4,0,0,"Lint診断 (exitCode=1):"
2,old,write,warm,837.036791999999,0.32,0.11,189677568,1,3,6,114,0,"スキップ: TIMEOUT_EXCEEDED"
2,old,write,warm,837.2932500000024,0.33,0.11,189825024,1,3,6,114,0,"スキップ: TIMEOUT_EXCEEDED"
2,candidate,write,warm,759.2127499999915,0.77,0.17,189661184,1,1,4,0,0,"Lint診断 (exitCode=1):"
2,candidate,write,warm,744.8295419999922,0.78,0.17,189612032,1,1,4,0,0,"Lint診断 (exitCode=1):"
2,old,write,warm,850.6385000000009,0.34,0.12,189923328,1,3,6,114,0,"スキップ: TIMEOUT_EXCEEDED"
2,old,write,warm,911.4842910000007,0.37,0.14,189087744,1,3,6,114,0,"スキップ: TIMEOUT_EXCEEDED"
2,candidate,write,warm,752.8750839999993,0.79,0.17,189546496,1,1,4,0,0,"Lint診断 (exitCode=1):"
2,candidate,write,warm,769.7432499999995,0.79,0.18,189448192,1,1,4,0,0,"Lint診断 (exitCode=1):"
2,old,write,warm,869.5717089999962,0.35,0.12,189628416,1,3,5,114,0,"スキップ: TIMEOUT_EXCEEDED"
2,old,write,warm,890.0205409999908,0.35,0.13,190480384,1,3,6,114,0,"スキップ: TIMEOUT_EXCEEDED"
2,candidate,write,warm,738.228500000012,0.77,0.17,189284352,1,1,4,0,0,"Lint診断 (exitCode=1):"
2,candidate,write,warm,759.5122080000001,0.81,0.17,185516032,1,1,4,0,0,"Lint診断 (exitCode=1):"
2,old,write,warm,853.8739579999965,0.35,0.12,189579264,1,3,6,114,0,"スキップ: TIMEOUT_EXCEEDED"
2,old,write,warm,908.2576659999904,0.35,0.13,183009280,1,3,6,114,0,"スキップ: TIMEOUT_EXCEEDED"
2,candidate,write,warm,833.6687499999971,0.81,0.19,190103552,1,1,4,0,0,"Lint診断 (exitCode=1):"
2,candidate,write,warm,765.5472500000033,0.84,0.18,189448192,1,1,4,0,0,"Lint診断 (exitCode=1):"
2,old,write,warm,860.2655830000003,0.37,0.12,191217664,1,3,5,114,0,"スキップ: TIMEOUT_EXCEEDED"
2,old,write,warm,862.2236669999984,0.38,0.13,190464000,1,3,6,114,0,"スキップ: TIMEOUT_EXCEEDED"
2,candidate,write,warm,749.0513329999958,0.74,0.16,189382656,1,1,4,0,0,"Lint診断 (exitCode=1):"
2,candidate,write,warm,737.2469169999968,0.74,0.15,189497344,1,1,4,0,0,"Lint診断 (exitCode=1):"
2,old,write,warm,834.322709,0.32,0.11,189333504,1,3,6,114,0,"スキップ: TIMEOUT_EXCEEDED"
2,old,write,warm,845.1796250000043,0.32,0.11,189562880,1,3,6,114,0,"スキップ: TIMEOUT_EXCEEDED"
2,candidate,write,warm,743.8267080000078,0.74,0.15,189431808,1,1,4,0,0,"Lint診断 (exitCode=1):"
2,candidate,write,warm,746.0133750000095,0.76,0.16,189218816,1,1,4,0,0,"Lint診断 (exitCode=1):"
2,old,write,warm,840.9126669999969,0.33,0.11,190038016,1,3,5,114,0,"スキップ: TIMEOUT_EXCEEDED"
2,old,write,warm,860.7335840000014,0.35,0.12,189612032,1,3,5,114,0,"スキップ: TIMEOUT_EXCEEDED"
2,candidate,write,warm,749.7804580000084,0.79,0.17,189874176,1,1,4,0,0,"Lint診断 (exitCode=1):"
2,candidate,write,warm,788.5241249999963,0.82,0.18,191102976,1,1,4,0,0,"Lint診断 (exitCode=1):"
2,old,write,warm,858.4137919999921,0.35,0.12,189497344,1,3,6,114,0,"スキップ: TIMEOUT_EXCEEDED"
2,old,read,cold,653.150250000006,0.17,0.02,99336192,1,5,6,114,0,"スキップ: TIMEOUT_EXCEEDED"
2,candidate,read,cold,157.8607500000071,0.16,0.02,99303424,0,1,2,0,0,""
2,candidate,read,cold,155.37541600000986,0.17,0.02,99057664,0,1,2,0,0,""
2,old,read,cold,649.7364999999991,0.16,0.02,99663872,1,5,6,114,0,"スキップ: TIMEOUT_EXCEEDED"
2,old,read,cold,640.6453749999928,0.17,0.02,99745792,1,5,6,114,0,"スキップ: TIMEOUT_EXCEEDED"
2,candidate,read,cold,146.83508299999812,0.16,0.02,99188736,0,1,2,0,0,""
2,candidate,read,cold,147.9792080000043,0.16,0.02,99401728,0,1,2,0,0,""
2,old,read,cold,655.9064999999973,0.16,0.02,99991552,1,5,6,114,0,"スキップ: TIMEOUT_EXCEEDED"
2,old,read,cold,651.9357080000045,0.16,0.02,99729408,1,5,6,114,0,"スキップ: TIMEOUT_EXCEEDED"
2,candidate,read,cold,135.37949999999546,0.16,0.02,99598336,0,1,2,0,0,""
2,candidate,read,cold,147.01795799999672,0.17,0.02,99581952,0,1,2,0,0,""
2,old,read,cold,648.8261250000069,0.16,0.02,99598336,1,5,6,114,0,"スキップ: TIMEOUT_EXCEEDED"
2,old,read,cold,652.7402920000022,0.16,0.02,99565568,1,5,6,114,0,"スキップ: TIMEOUT_EXCEEDED"
2,candidate,read,cold,139.70720900000015,0.16,0.02,99024896,0,1,2,0,0,""
2,candidate,read,cold,151.66975000000093,0.16,0.02,99205120,0,1,2,0,0,""
2,old,read,cold,669.7266250000102,0.19,0.03,100417536,1,5,6,114,0,"スキップ: TIMEOUT_EXCEEDED"
2,old,read,cold,643.1100420000002,0.17,0.03,100007936,1,5,6,114,0,"スキップ: TIMEOUT_EXCEEDED"
2,candidate,read,cold,143.42866700000013,0.17,0.02,99303424,0,1,2,0,0,""
2,candidate,read,cold,154.09458299999824,0.16,0.02,99041280,0,1,2,0,0,""
2,old,read,cold,703.2813750000059,0.18,0.02,99975168,1,5,6,114,0,"スキップ: TIMEOUT_EXCEEDED"
2,old,read,cold,651.7570830000041,0.16,0.02,99696640,1,5,6,114,0,"スキップ: TIMEOUT_EXCEEDED"
2,candidate,read,cold,153.72866599999543,0.17,0.02,99483648,0,1,2,0,0,""
2,candidate,read,cold,156.33445799999754,0.16,0.02,99270656,0,1,2,0,0,""
2,old,read,cold,665.4237919999869,0.19,0.03,100401152,1,5,6,114,0,"スキップ: TIMEOUT_EXCEEDED"
2,old,read,cold,658.7142080000049,0.15,0.02,99614720,1,5,6,114,0,"スキップ: TIMEOUT_EXCEEDED"
2,candidate,read,cold,160.34962500000256,0.17,0.02,98877440,0,1,2,0,0,""
2,candidate,read,cold,149.07916699998896,0.16,0.02,99041280,0,1,2,0,0,""
2,old,read,cold,641.109209000002,0.15,0.02,99745792,1,5,6,114,0,"スキップ: TIMEOUT_EXCEEDED"
2,old,read,cold,659.2727080000041,0.16,0.02,99942400,1,5,6,114,0,"スキップ: TIMEOUT_EXCEEDED"
2,candidate,read,cold,166.10616699999082,0.18,0.02,99008512,0,1,2,0,0,""
2,candidate,read,cold,129.5749999999971,0.15,0.02,98910208,0,1,2,0,0,""
2,old,read,cold,639.1345410000067,0.16,0.02,99729408,1,5,6,114,0,"スキップ: TIMEOUT_EXCEEDED"
2,old,read,cold,647.2445000000007,0.16,0.02,100057088,1,5,6,114,0,"スキップ: TIMEOUT_EXCEEDED"
2,candidate,read,cold,148.88916700000118,0.17,0.02,99352576,0,1,2,0,0,""
2,candidate,read,cold,149.4745419999963,0.16,0.02,99270656,0,1,2,0,0,""
2,old,read,cold,649.0550829999993,0.15,0.02,99942400,1,5,6,114,0,"スキップ: TIMEOUT_EXCEEDED"
2,old,read,cold,654.460625000007,0.16,0.02,99827712,1,5,6,114,0,"スキップ: TIMEOUT_EXCEEDED"
2,candidate,read,cold,144.28324999999313,0.15,0.02,98811904,0,1,2,0,0,""
2,candidate,read,cold,148.66187500000524,0.15,0.02,98959360,0,1,2,0,0,""
2,old,read,cold,654.135540999996,0.15,0.02,99680256,1,5,6,114,0,"スキップ: TIMEOUT_EXCEEDED"
2,old,read,cold,644.2551660000026,0.15,0.02,99598336,1,5,6,114,0,"スキップ: TIMEOUT_EXCEEDED"
2,candidate,read,cold,144.18537500000093,0.15,0.02,99090432,0,1,2,0,0,""
2,candidate,read,cold,144.12900000000081,0.15,0.02,99205120,0,1,2,0,0,""
2,old,read,cold,652.1025829999999,0.15,0.02,99778560,1,5,6,114,0,"スキップ: TIMEOUT_EXCEEDED"
2,old,read,cold,650.9788339999941,0.15,0.02,99680256,1,5,6,114,0,"スキップ: TIMEOUT_EXCEEDED"
2,candidate,read,cold,150.5817079999979,0.15,0.02,98942976,0,1,2,0,0,""
2,candidate,read,cold,147.58950000000186,0.15,0.02,98713600,0,1,2,0,0,""
2,old,read,cold,649.3583749999962,0.15,0.02,99647488,1,5,6,114,0,"スキップ: TIMEOUT_EXCEEDED"
2,old,read,cold,652.1598749999976,0.15,0.02,99745792,1,5,6,114,0,"スキップ: TIMEOUT_EXCEEDED"
2,candidate,read,cold,151.4047500000015,0.15,0.02,99221504,0,1,2,0,0,""
2,candidate,read,cold,150.12079200000153,0.15,0.02,99368960,0,1,2,0,0,""
2,old,read,cold,643.1583749999991,0.15,0.02,99876864,1,5,6,114,0,"スキップ: TIMEOUT_EXCEEDED"
2,old,read,cold,650.2277920000051,0.15,0.02,99516416,1,5,6,114,0,"スキップ: TIMEOUT_EXCEEDED"
2,candidate,read,cold,148.06983300001593,0.15,0.02,98615296,0,1,2,0,0,""
2,candidate,read,cold,174.73904200000106,0.18,0.02,99844096,0,1,2,0,0,""
2,old,read,cold,636.4972089999937,0.16,0.02,99794944,1,5,6,114,0,"スキップ: TIMEOUT_EXCEEDED"
2,old,read,cold,648.9532499999914,0.17,0.02,100089856,1,5,6,114,0,"スキップ: TIMEOUT_EXCEEDED"
2,candidate,read,cold,157.07129200000782,0.16,0.02,99205120,0,1,2,0,0,""
2,candidate,read,cold,174.01062499999534,0.17,0.02,99500032,0,1,2,0,0,""
2,old,read,cold,645.0381249999919,0.16,0.02,99860480,1,5,6,114,0,"スキップ: TIMEOUT_EXCEEDED"
2,old,disabled,cold,133.6636249999865,0.16,0.02,99647488,0,1,2,111,0,"スキップ: HOOK_DISABLED"
2,candidate,disabled,cold,151.8910840000026,0.16,0.02,99057664,0,1,2,0,0,""
2,candidate,disabled,cold,155.17970800001058,0.16,0.02,98992128,0,1,2,0,0,""
2,old,disabled,cold,151.51412499998696,0.16,0.02,99483648,0,1,2,111,0,"スキップ: HOOK_DISABLED"
2,old,disabled,cold,150.3559580000001,0.16,0.02,99352576,0,1,2,111,0,"スキップ: HOOK_DISABLED"
2,candidate,disabled,cold,153.77674999999,0.16,0.02,99319808,0,1,2,0,0,""
2,candidate,disabled,cold,154.42204099998344,0.17,0.02,99041280,0,1,2,0,0,""
2,old,disabled,cold,136.17708399999538,0.16,0.02,99598336,0,1,2,111,0,"スキップ: HOOK_DISABLED"
2,old,disabled,cold,155.05400000000373,0.16,0.02,99467264,0,1,2,111,0,"スキップ: HOOK_DISABLED"
2,candidate,disabled,cold,149.35875000001397,0.16,0.02,99057664,0,1,2,0,0,""
2,candidate,disabled,cold,136.16312499999185,0.17,0.02,99287040,0,1,2,0,0,""
2,old,disabled,cold,152.0655830000178,0.16,0.02,99663872,0,1,2,111,0,"スキップ: HOOK_DISABLED"
2,old,disabled,cold,144.37370800002827,0.16,0.02,99614720,0,1,2,111,0,"スキップ: HOOK_DISABLED"
2,candidate,disabled,cold,157.96279200000572,0.17,0.02,99106816,0,1,2,0,0,""
2,candidate,disabled,cold,153.2015829999873,0.16,0.02,99500032,0,1,2,0,0,""
2,old,disabled,cold,152.14358400000492,0.16,0.02,99631104,0,1,2,111,0,"スキップ: HOOK_DISABLED"
2,old,disabled,cold,146.49366700000246,0.16,0.02,99581952,0,1,2,111,0,"スキップ: HOOK_DISABLED"
2,candidate,disabled,cold,199.04833299998427,0.17,0.02,99319808,0,1,2,0,0,""
2,candidate,disabled,cold,139.6004590000084,0.17,0.02,99303424,0,1,2,0,0,""
2,old,disabled,cold,163.78370800000266,0.19,0.03,100892672,0,1,2,111,0,"スキップ: HOOK_DISABLED"
2,old,disabled,cold,138.27979100000812,0.16,0.02,99500032,0,1,2,111,0,"スキップ: HOOK_DISABLED"
2,candidate,disabled,cold,154.13595799999894,0.16,0.02,99188736,0,1,2,0,0,""
2,candidate,disabled,cold,147.31274999998277,0.16,0.02,99172352,0,1,2,0,0,""
2,old,disabled,cold,154.39633400001912,0.16,0.02,99631104,0,1,2,111,0,"スキップ: HOOK_DISABLED"
2,old,disabled,cold,154.61629199999152,0.19,0.03,99729408,0,1,2,111,0,"スキップ: HOOK_DISABLED"
2,candidate,disabled,cold,158.704584000021,0.18,0.03,99598336,0,1,2,0,0,""
2,candidate,disabled,cold,166.51195799998823,0.18,0.03,99844096,0,1,2,0,0,""
2,old,disabled,cold,160.21879199999967,0.17,0.03,100466688,0,1,2,111,0,"スキップ: HOOK_DISABLED"
2,old,disabled,cold,147.26954199999454,0.16,0.02,99368960,0,1,2,111,0,"スキップ: HOOK_DISABLED"
2,candidate,disabled,cold,155.34212499999558,0.17,0.02,99450880,0,1,2,0,0,""
2,candidate,disabled,cold,172.04141700000037,0.16,0.02,99057664,0,1,2,0,0,""
2,old,disabled,cold,135.2856670000183,0.16,0.02,99926016,0,1,2,111,0,"スキップ: HOOK_DISABLED"
2,old,disabled,cold,145.66666600000462,0.16,0.02,99876864,0,1,2,111,0,"スキップ: HOOK_DISABLED"
2,candidate,disabled,cold,160.96333299999242,0.16,0.02,99041280,0,1,2,0,0,""
2,candidate,disabled,cold,143.04804199998034,0.16,0.02,99287040,0,1,2,0,0,""
2,old,disabled,cold,150.54187499999534,0.16,0.02,99696640,0,1,2,111,0,"スキップ: HOOK_DISABLED"
2,old,disabled,cold,156.72954100000788,0.16,0.02,99483648,0,1,2,111,0,"スキップ: HOOK_DISABLED"
2,candidate,disabled,cold,155.1246669999964,0.16,0.02,99205120,0,1,2,0,0,""
2,candidate,disabled,cold,158.33229200000642,0.16,0.02,99074048,0,1,2,0,0,""
2,old,disabled,cold,146.10150000001886,0.16,0.02,99631104,0,1,2,111,0,"スキップ: HOOK_DISABLED"
2,old,disabled,cold,153.07191599998623,0.16,0.02,99811328,0,1,2,111,0,"スキップ: HOOK_DISABLED"
2,candidate,disabled,cold,149.59566600000835,0.15,0.02,98631680,0,1,2,0,0,""
2,candidate,disabled,cold,151.51854200000525,0.15,0.02,99008512,0,1,2,0,0,""
2,old,disabled,cold,181.20329099998344,0.17,0.02,99696640,0,1,2,111,0,"スキップ: HOOK_DISABLED"
2,old,disabled,cold,138.43304099998204,0.15,0.02,99385344,0,1,2,111,0,"スキップ: HOOK_DISABLED"
2,candidate,disabled,cold,150.31708300000173,0.15,0.02,99123200,0,1,2,0,0,""
2,candidate,disabled,cold,145.80395899998257,0.15,0.02,99270656,0,1,2,0,0,""
2,old,disabled,cold,145.94100000002072,0.15,0.02,99713024,0,1,2,111,0,"スキップ: HOOK_DISABLED"
2,old,disabled,cold,147.70087499998044,0.15,0.02,99319808,0,1,2,111,0,"スキップ: HOOK_DISABLED"
2,candidate,disabled,cold,150.82029200001853,0.15,0.02,98975744,0,1,2,0,0,""
2,candidate,disabled,cold,144.9937079999945,0.15,0.02,99336192,0,1,2,0,0,""
2,old,disabled,cold,149.8051250000135,0.15,0.02,99614720,0,1,2,111,0,"スキップ: HOOK_DISABLED"
2,old,disabled,cold,147.19458300000406,0.15,0.02,99532800,0,1,2,111,0,"スキップ: HOOK_DISABLED"
2,candidate,disabled,cold,154.49545799999032,0.16,0.02,99074048,0,1,2,0,0,""
2,candidate,disabled,cold,148.5959579999908,0.15,0.02,99270656,0,1,2,0,0,""
2,old,disabled,cold,143.00566599998274,0.15,0.02,99336192,0,1,2,111,0,"スキップ: HOOK_DISABLED"
2,old,disabled,cold,146.23979200000758,0.15,0.02,99401728,0,1,2,111,0,"スキップ: HOOK_DISABLED"
2,candidate,disabled,cold,151.51600000000326,0.15,0.02,98959360,0,1,2,0,0,""
2,candidate,disabled,cold,151.0910000000149,0.15,0.02,99057664,0,1,2,0,0,""
2,old,disabled,cold,145.35929200000828,0.15,0.02,99385344,0,1,2,111,0,"スキップ: HOOK_DISABLED"
2,old,write,cold,649.3056250000081,0.15,0.02,99696640,1,5,6,114,0,"スキップ: TIMEOUT_EXCEEDED"
2,candidate,write,cold,540.9444170000206,0.57,0.06,140804096,1,2,4,0,0,"Lint診断 (exitCode=1):"
2,candidate,write,cold,541.6413750000065,0.56,0.06,140836864,1,2,4,0,0,"Lint診断 (exitCode=1):"
2,old,write,cold,649.8881669999973,0.15,0.02,99565568,1,5,6,114,0,"スキップ: TIMEOUT_EXCEEDED"
2,old,write,cold,644.8701250000158,0.16,0.02,99713024,1,5,6,114,0,"スキップ: TIMEOUT_EXCEEDED"
2,candidate,write,cold,527.314916000003,0.56,0.06,140836864,1,2,4,0,0,"Lint診断 (exitCode=1):"
2,candidate,write,cold,516.9727499999863,0.57,0.06,140230656,1,2,4,0,0,"Lint診断 (exitCode=1):"
2,old,write,cold,642.0954999999958,0.16,0.02,99844096,1,5,6,114,0,"スキップ: TIMEOUT_EXCEEDED"
2,old,write,cold,645.3455419999955,0.15,0.02,99811328,1,5,6,114,0,"スキップ: TIMEOUT_EXCEEDED"
2,candidate,write,cold,571.9308339999989,0.58,0.07,141082624,1,2,4,0,0,"Lint診断 (exitCode=1):"
2,candidate,write,cold,554.1941670000087,0.6,0.07,140984320,1,2,4,0,0,"Lint診断 (exitCode=1):"
2,old,write,cold,648.381040999986,0.17,0.02,100335616,1,5,6,114,0,"スキップ: TIMEOUT_EXCEEDED"
2,old,write,cold,656.6217499999912,0.16,0.02,99893248,1,5,6,114,0,"スキップ: TIMEOUT_EXCEEDED"
2,candidate,write,cold,550.1662080000096,0.57,0.07,140918784,1,2,4,0,0,"Lint診断 (exitCode=1):"
2,candidate,write,cold,537.2982500000217,0.57,0.06,140230656,1,2,4,0,0,"Lint診断 (exitCode=1):"
2,old,write,cold,641.4430420000281,0.15,0.02,99729408,1,5,6,114,0,"スキップ: TIMEOUT_EXCEEDED"
2,old,write,cold,645.6690000000235,0.15,0.02,99794944,1,5,6,114,0,"スキップ: TIMEOUT_EXCEEDED"
2,candidate,write,cold,559.7124579999945,0.6,0.07,140722176,1,2,4,0,0,"Lint診断 (exitCode=1):"
2,candidate,write,cold,534.4887079999899,0.58,0.06,140541952,1,2,4,0,0,"Lint診断 (exitCode=1):"
2,old,write,cold,652.3418749999837,0.16,0.02,99647488,1,5,6,114,0,"スキップ: TIMEOUT_EXCEEDED"
2,old,write,cold,640.4841249999881,0.16,0.02,99532800,1,5,6,114,0,"スキップ: TIMEOUT_EXCEEDED"
2,candidate,write,cold,604.4471670000057,0.62,0.08,141099008,1,2,4,0,0,"Lint診断 (exitCode=1):"
2,candidate,write,cold,585.4150840000075,0.65,0.08,143654912,1,2,4,0,0,"Lint診断 (exitCode=1):"
2,old,write,cold,658.2862500000047,0.18,0.03,100139008,1,5,6,114,0,"スキップ: TIMEOUT_EXCEEDED"
2,old,write,cold,653.8594579999917,0.19,0.03,101105664,1,5,6,114,0,"スキップ: TIMEOUT_EXCEEDED"
2,candidate,write,cold,558.3152919999848,0.61,0.08,141377536,1,2,4,0,0,"Lint診断 (exitCode=1):"
2,candidate,write,cold,521.8244999999879,0.59,0.08,140820480,1,2,4,0,0,"Lint診断 (exitCode=1):"
2,old,write,cold,644.5117500000051,0.16,0.02,99745792,1,5,6,114,0,"スキップ: TIMEOUT_EXCEEDED"
2,old,write,cold,654.5297079999873,0.17,0.02,99827712,1,5,6,114,0,"スキップ: TIMEOUT_EXCEEDED"
2,candidate,write,cold,594.7862909999967,0.62,0.07,140984320,1,2,4,0,0,"Lint診断 (exitCode=1):"
2,candidate,write,cold,530.7582910000056,0.57,0.07,140902400,1,2,4,0,0,"Lint診断 (exitCode=1):"
2,old,write,cold,642.1656249999942,0.15,0.02,99614720,1,5,6,114,0,"スキップ: TIMEOUT_EXCEEDED"
2,old,write,cold,639.6165829999954,0.15,0.02,99631104,1,5,6,114,0,"スキップ: TIMEOUT_EXCEEDED"
2,candidate,write,cold,555.4409169999999,0.57,0.07,140394496,1,2,4,0,0,"Lint診断 (exitCode=1):"
2,candidate,write,cold,529.0042909999902,0.56,0.06,140509184,1,2,4,0,0,"Lint診断 (exitCode=1):"
2,old,write,cold,643.8210409999883,0.15,0.02,99614720,1,5,6,114,0,"スキップ: TIMEOUT_EXCEEDED"
2,old,write,cold,648.0601250000182,0.15,0.02,99565568,1,5,6,114,0,"スキップ: TIMEOUT_EXCEEDED"
2,candidate,write,cold,528.1672499999986,0.57,0.06,140345344,1,2,4,0,0,"Lint診断 (exitCode=1):"
2,candidate,write,cold,528.1227080000099,0.56,0.06,140279808,1,2,4,0,0,"Lint診断 (exitCode=1):"
2,old,write,cold,641.6435000000056,0.15,0.02,99663872,1,5,6,114,0,"スキップ: TIMEOUT_EXCEEDED"
2,old,write,cold,655.1542090000003,0.15,0.02,99581952,1,5,6,114,0,"スキップ: TIMEOUT_EXCEEDED"
2,candidate,write,cold,560.987374999997,0.59,0.07,140279808,1,2,4,0,0,"Lint診断 (exitCode=1):"
2,candidate,write,cold,541.367041999998,0.57,0.06,140705792,1,2,4,0,0,"Lint診断 (exitCode=1):"
2,old,write,cold,645.6181670000078,0.15,0.02,99631104,1,5,6,114,0,"スキップ: TIMEOUT_EXCEEDED"
2,old,write,cold,651.9507919999887,0.15,0.02,99893248,1,5,6,114,0,"スキップ: TIMEOUT_EXCEEDED"
2,candidate,write,cold,535.4150000000081,0.56,0.06,140836864,1,2,4,0,0,"Lint診断 (exitCode=1):"
2,candidate,write,cold,537.4750829999975,0.57,0.06,140099584,1,2,4,0,0,"Lint診断 (exitCode=1):"
2,old,write,cold,644.8862910000025,0.15,0.02,99713024,1,5,6,114,0,"スキップ: TIMEOUT_EXCEEDED"
2,old,write,cold,653.0560420000111,0.15,0.02,99778560,1,5,6,114,0,"スキップ: TIMEOUT_EXCEEDED"
2,candidate,write,cold,552.2897919999959,0.57,0.06,140640256,1,2,4,0,0,"Lint診断 (exitCode=1):"
2,candidate,write,cold,540.5263339999947,0.56,0.06,140083200,1,2,4,0,0,"Lint診断 (exitCode=1):"
2,old,write,cold,662.6438750000088,0.17,0.03,99647488,1,5,6,114,0,"スキップ: TIMEOUT_EXCEEDED"
2,old,write,cold,644.0692500000005,0.16,0.02,99745792,1,5,6,114,0,"スキップ: TIMEOUT_EXCEEDED"
2,candidate,write,cold,549.7179170000018,0.61,0.07,141230080,1,2,4,0,0,"Lint診断 (exitCode=1):"
2,candidate,write,cold,535.5292079999927,0.59,0.07,140607488,1,2,4,0,0,"Lint診断 (exitCode=1):"
2,old,write,cold,634.0768329999992,0.16,0.02,99745792,1,5,6,114,0,"スキップ: TIMEOUT_EXCEEDED"
2,old,write,cold,661.2203330000048,0.17,0.02,100859904,1,5,6,114,0,"スキップ: TIMEOUT_EXCEEDED"
2,candidate,write,cold,579.6154999999853,0.59,0.07,141688832,1,2,4,0,0,"Lint診断 (exitCode=1):"
2,candidate,write,cold,561.2829580000252,0.59,0.07,141049856,1,2,4,0,0,"Lint診断 (exitCode=1):"
2,old,write,cold,640.9731670000183,0.16,0.02,100859904,1,5,6,114,0,"スキップ: TIMEOUT_EXCEEDED"
